user_id,content_id,description
'thatmitchellandwebblook',1,'That Mitchell and Webb Look (s1 ep2)'
'thatmitchellandwebblook',2,"'Again, one of my favorites from the masters, Mitchell and Webb.'"
'veronicahaynes',2,'ft. me'
'thatmitchellandwebblook',3,'Bronze Orientation for stone-age chippers and tie-ers. A sketch from series 2 of That Mitchell and Webb Look.'
'wjefferson',3,'2nd instance of above'
'veronicahaynes',4,NULL
'tiffanywilson',5,NULL
'thatmitchellandwebblook',6,"'That Mitchell and Webb Look, Sherlock Holmes'"
'wjefferson',7,"'""Fitbeat"" for Beat Saber. By Jaroslav Beck, a Czech EDM artist.'"
'becklinda',7,"'""Fitbeat"" for Beat Saber. By Jaroslav Beck, a Czech EDM artist.'"
'thatmitchellandwebblook',8,'jetpacks entry 1 test by thatmitchellandwebblook'
'wjefferson',8,'jetpacks entry 2 test by wjefferson'
'shawn89',8,'jetpacks entry 3 test by shawn89'
'tiffanywilson',8,'jetpacks entry 4 test by tiffanywilson'
'stacymartin',8,'jetpacks entry 5 test by stacymartin'
'wjefferson',9,"'""Spooky Beat"" for Beat Saber. By Jaroslav Beck, a Czech EDM artist.'"
'wjefferson',10,'i am spid.'
'shawn89',10,"'""LUDICROUS+"" for Beat Saber. By Jaroslav Beck, a Czech EDM artist.'"
'psampson',10,"'""LUDICROUS+"" for Beat Saber. By Jaroslav Beck, a Czech EDM artist.'"
'shawn89',11,"'""Weapon"" by Cazzette, a Swedish EDM Duo, Remixed by Vicetone, a Danish EDM Duo.'"
'andersontroy',11,"'""Weapon"" by Cazzette, a Swedish EDM Duo, Remixed by Vicetone, a Danish EDM Duo.'"
'kwilliams',8,'jetpacks entry 6 test by kwilliams'
'webbmark',8,'jetpacks entry 7 test by webbmark'
