username,firstname,lastname,birthdate,verified,account_status,email,pwd,picture,bio,is_elevated
'tuckerdiane','Harold','Smith',1998-10-19,1,'active','ronald38@yahoo.com',$2b$12$Q1PUFjhN/AWRQ21LbGYvjeLpZZB6lfZ1BPwifHALGO6oIbyC3CmJe,'xsgamesm-33.jpg','Decision professional real each citizen level.',1
'edward88','Carter','Johnson',2004-3-13,1,'active','richard65@martin.net',2022-12-14: TODO,'xsgamesm-49.jpg','Maybe key community young ahead.',1
'joanna15','Trent','Hayes',1989-10-23,1,'active','helen38@hotmail.com',2022-12-14: TODO,'xsgamesm-23.jpg','Hotel together show gas seven.',1
'kwilliams','Evette','Hoskison',1994-4-13,0,'active','mcdonaldjohn@parks-miller.com',2022-12-14: TODO,'xsgamesf-48.jpg','Cell itself institution couple should.',0
'palmermichael','Myra','Moreaux',1991-10-24,1,'active','ljohnson@grimes-stevens.net',2022-12-14: TODO,'xsgamesf-38.jpg','Concern phone sport whatever professor material.',0
'becklinda','Concha','Artyomova',2005-8-6,1,'active','angelicaparker@nguyen.com',2022-12-14: TODO,'xsgamesf-61.jpg','Experience at Republican party large option project.',0
'pattersonangela','Terri','Kramer',1999-3-25,1,'active','laura85@barrett-hunter.com',2022-12-14: TODO,'xsgamesf-31.jpg','Resource source beyond beautiful product add mention.',0
'crawfordshawn','Cindy','Rischelaux',2004-1-4,1,'active','murphyjohn@hernandez-beard.info',2022-12-14: TODO,'xsgamesf-73.jpg','Figure seat everybody agency.',0
'psampson','Lauren','Sauer',1991-8-26,1,'active','bgray@hotmail.com',2022-12-14: TODO,'xsgamesf-9.jpg','Often beyond enough why.',0
'wrightgeorge','Aileen','Jagerson',1992-5-19,1,'active','tatemallory@sanford-armstrong.com',2022-12-14: TODO,'xsgamesf-3.jpg','Spring language his several drop.',0
'webbmark','Sheila','Nieminen',2003-5-21,1,'active','lauraconner@hotmail.com',2022-12-14: TODO,'xsgamesf-56.jpg','Term left view.',0
'veronicahaynes','Leonre','Radish',1991-9-5,1,'active','bookerricky@gmail.com',2022-12-14: TODO,'xsgamesf-72.jpg','Arrive indicate finally.',0
'stacymartin','Trey','Hackwell',1991-11-9,1,'active','murphytimothy@yahoo.com',2022-12-14: TODO,'xsgamesm-57.jpg','Result team myself western past movie enough.',0
'mendozabrian','Richard','Van Dyke',1987-6-10,1,'active','timothyritter@gmail.com',2022-12-14: TODO,'default.jpg','Start decision go lay.',0
'wjefferson','Raymond','Stanton',2003-4-8,1,'active','christophersims@castaneda-soto.com',2022-12-14: TODO,'xsgamesm-69.jpg','View beat service history field.',0
'kingdonna','Erika','De Geer',1996-6-7,1,'active','gcherry@mclaughlin.com',2022-12-14: TODO,'xsgamesf-46.jpg','Ever late future.',0
'andersontroy','Yuliya','Tsvetaeva',2000-9-22,1,'active','brian35@lopez.com',2022-12-14: TODO,'xsgamesf-44.jpg','Role letter site chair pretty coach.',0
'zwilkins','Alexandria','Austin',1990-8-8,1,'active','terrydestiny@ramos.net',2022-12-14: TODO,'xsgamesf-43.jpg','Form nearly win hit tend society agree.',0
'ashley13','Sara','Pahlavi',1999-3-15,1,'active','scottlori@hotmail.com',2022-12-14: TODO,'xsgamesf-34.jpg','Book shoulder similar.',0
'tiffanywilson','Ludmilla','Volkova',2001-11-25,1,'active','hjones@murphy-jacobs.net',2022-12-14: TODO,'xsgamesf-11.jpg','Late international management bag firm rather particularly.',0
'cstpball','CSTP Ball','Ball',1990-01-01,1,'active','cstpball@fakeemail.com',2022-12-14: TODO,'cstpball.jpg','Record what save plan add keep.',0
'icariaball','Icaria','Ball',1990-01-01,1,'active','icariaball@fakeemail.com',2022-12-14: TODO,'icariaball.jpg','Might north station step own wear stay.',0
'tacoboiii','Taco','Boiii',1990-01-01,1,'active','tacoboiii@fakeemail.com',2022-12-14: TODO,'tacoboii.jpg','Total behavior attention.',0
'thatmitchellandwebblook','Mitchell','Webb',1990-01-01,1,'active','thatmitchellandwebblook@fakeemail.com',2022-12-14: TODO,'thatmitchandwebblook.jpg','Begin money me young science.',0
'kaliningradgeneral','Kaliningrad','General',1990-01-01,1,'active','kaliningradgeneral@fakeemail.com',2022-12-14: TODO,'kaliningradgeneral.jpg','Treatment better little cover fact commercial.',0
